{
    "loss": 0.2553880512714386,
    "accuracy": 0.9411764740943909
}